epoch,step,test_age_loss,test_age_mae,test_gender_acc,test_gender_loss,train_age_loss,train_gender_loss,train_loss,val_age_loss,val_age_mae,val_gender_acc,val_gender_loss,val_loss
0,9,,,,,1704.5068359375,0.6509209871292114,5114.17138671875,,,,,
0,19,,,,,1460.2318115234375,0.6809638738632202,4381.37646484375,,,,,
0,29,,,,,507.92657470703125,0.6609127521514893,1524.440673828125,,,,,
0,39,,,,,585.3687133789062,0.6523903608322144,1756.758544921875,,,,,
0,49,,,,,477.21240234375,0.662932276725769,1432.3001708984375,,,,,
0,59,,,,,446.55303955078125,0.628066897392273,1340.2872314453125,,,,,
0,69,,,,,326.1732482910156,0.6340794563293457,979.1538696289062,,,,,
0,79,,,,,365.2466125488281,0.6004951000213623,1096.34033203125,,,,,
0,89,,,,,323.70196533203125,0.6180777549743652,971.7239990234375,,,,,
0,99,,,,,237.2838592529297,0.6018514633178711,712.4534301757812,,,,,
0,109,,,,,245.75390625,0.62238609790802,737.8840942382812,,,,,
0,119,,,,,320.44085693359375,0.6186718940734863,961.9412231445312,,,,,
0,129,,,,,297.44622802734375,0.6065225601196289,892.9451904296875,,,,,
0,139,,,,,217.7301025390625,0.6276439428329468,653.8179321289062,,,,,
0,149,,,,,291.4065246582031,0.6302338242530823,874.849853515625,,,,,
0,159,,,,,185.6149139404297,0.6251295208930969,557.4698486328125,,,,,
0,169,,,,,224.86111450195312,0.6428595781326294,675.2262573242188,,,,,
0,179,,,,,164.35885620117188,0.588819146156311,493.6653747558594,,,,,
0,189,,,,,215.53692626953125,0.5608295798301697,647.171630859375,,,,,
0,199,,,,,309.1242980957031,0.6360878944396973,928.009033203125,,,,,
0,209,,,,,256.9765930175781,0.6140053272247314,771.5438232421875,,,,,
0,219,,,,,275.4897155761719,0.6272932887077332,827.096435546875,,,,,
0,229,,,,,204.9466094970703,0.6652699708938599,615.505126953125,,,,,
0,239,,,,,332.0503845214844,0.6125870943069458,996.7637329101562,,,,,
0,249,,,,,149.47439575195312,0.5986183881759644,449.0218200683594,,,,,
0,259,,,,,197.41952514648438,0.6187658309936523,592.8773193359375,,,,,
0,269,,,,,247.22976684570312,0.5651559233665466,742.2545166015625,,,,,
0,279,,,,,182.12022399902344,0.6108835339546204,546.9715576171875,,,,,
0,289,,,,,169.63357543945312,0.6340726613998413,509.5347900390625,,,,,
0,296,,,,,,,,181.28982543945312,10.235784530639648,0.798312246799469,0.6105102300643921,544.4800415039062
1,299,,,,,210.7379913330078,0.5827109813690186,632.7966918945312,,,,,
1,309,,,,,171.65402221679688,0.5834999084472656,515.5455322265625,,,,,
1,319,,,,,247.0050048828125,0.6286814212799072,741.6436767578125,,,,,
1,329,,,,,185.0762939453125,0.6155773401260376,555.844482421875,,,,,
1,339,,,,,134.6188507080078,0.623254656791687,404.4798278808594,,,,,
1,349,,,,,188.20901489257812,0.6366779208183289,565.2637329101562,,,,,
1,359,,,,,148.8199462890625,0.6560300588607788,447.1158752441406,,,,,
1,369,,,,,121.84098815917969,0.7044711112976074,366.2274169921875,,,,,
1,379,,,,,138.6800994873047,0.6096724271774292,416.64996337890625,,,,,
1,389,,,,,154.06610107421875,0.6003677248954773,462.7986755371094,,,,,
1,399,,,,,142.02098083496094,0.6323976516723633,426.6953125,,,,,
1,409,,,,,265.03485107421875,0.649206280708313,795.7537841796875,,,,,
1,419,,,,,197.74420166015625,0.6145126819610596,593.8471069335938,,,,,
1,429,,,,,163.98550415039062,0.6192809343338013,492.5758056640625,,,,,
1,439,,,,,158.1035919189453,0.6448384523391724,474.95562744140625,,,,,
1,449,,,,,172.6292266845703,0.6068071126937866,518.4945068359375,,,,,
1,459,,,,,215.2987518310547,0.6175768375396729,646.5137939453125,,,,,
1,469,,,,,224.40609741210938,0.5792670249938965,673.7975463867188,,,,,
1,479,,,,,151.6175537109375,0.6582634449005127,455.51092529296875,,,,,
1,489,,,,,226.4165496826172,0.6089849472045898,679.858642578125,,,,,
1,499,,,,,129.409912109375,0.640555739402771,388.87030029296875,,,,,
1,509,,,,,225.84396362304688,0.6203036308288574,678.1521606445312,,,,,
1,519,,,,,280.0158996582031,0.6031048893928528,840.6508178710938,,,,,
1,529,,,,,155.13259887695312,0.5778643488883972,465.97564697265625,,,,,
1,539,,,,,140.7166748046875,0.6237916350364685,422.7738037109375,,,,,
1,549,,,,,206.02081298828125,0.5838403701782227,618.6463012695312,,,,,
1,559,,,,,169.38845825195312,0.6360172033309937,508.8013916015625,,,,,
1,569,,,,,163.2030029296875,0.6094455718994141,490.21844482421875,,,,,
1,579,,,,,230.30758666992188,0.614361047744751,691.537109375,,,,,
1,589,,,,,170.82395935058594,0.5806148052215576,513.052490234375,,,,,
1,593,,,,,,,,158.40887451171875,9.38080883026123,0.8042194247245789,0.5980239510536194,475.82452392578125
2,599,,,,,129.90269470214844,0.597685694694519,390.3057556152344,,,,,
2,609,,,,,129.29742431640625,0.5841248631477356,388.4764099121094,,,,,
2,619,,,,,106.29937744140625,0.5694828629493713,319.4676208496094,,,,,
2,629,,,,,134.26119995117188,0.6244595050811768,403.4080505371094,,,,,
2,639,,,,,110.14481353759766,0.5903530120849609,331.0248107910156,,,,,
2,649,,,,,107.33456420898438,0.6378178596496582,322.6415100097656,,,,,
2,659,,,,,171.9496612548828,0.6395478248596191,516.488525390625,,,,,
2,669,,,,,193.1180419921875,0.6224809885025024,579.9766235351562,,,,,
2,679,,,,,198.69454956054688,0.6269538402557373,596.7105712890625,,,,,
2,689,,,,,183.59254455566406,0.567289412021637,551.3449096679688,,,,,
2,699,,,,,158.80343627929688,0.6321038603782654,477.04241943359375,,,,,
2,709,,,,,118.6783218383789,0.667749285697937,356.7027282714844,,,,,
2,719,,,,,158.14669799804688,0.5722005367279053,475.0122985839844,,,,,
2,729,,,,,153.146728515625,0.6185758113861084,460.0587463378906,,,,,
2,739,,,,,99.83863830566406,0.5562593936920166,300.07220458984375,,,,,
2,749,,,,,135.39358520507812,0.6045246124267578,406.7852783203125,,,,,
2,759,,,,,174.34872436523438,0.5780252814292908,523.6241455078125,,,,,
2,769,,,,,135.2786865234375,0.58586585521698,406.42193603515625,,,,,
2,779,,,,,138.13995361328125,0.5715624094009399,414.9914245605469,,,,,
2,789,,,,,254.39871215820312,0.5514868497848511,763.7476806640625,,,,,
2,799,,,,,133.28997802734375,0.5638878345489502,400.4338073730469,,,,,
2,809,,,,,114.92826843261719,0.611491322517395,345.3962707519531,,,,,
2,819,,,,,163.45724487304688,0.6213186979293823,490.9930419921875,,,,,
2,829,,,,,144.23707580566406,0.6328020095825195,433.34405517578125,,,,,
2,839,,,,,174.59683227539062,0.6323490142822266,524.4228515625,,,,,
2,849,,,,,114.16937255859375,0.5722625255584717,343.08038330078125,,,,,
2,859,,,,,134.0772247314453,0.6179662346839905,402.84967041015625,,,,,
2,869,,,,,133.81488037109375,0.5617101788520813,402.00634765625,,,,,
2,879,,,,,145.67361450195312,0.5417920351028442,437.5626220703125,,,,,
2,889,,,,,97.80853271484375,0.6059498190879822,294.03155517578125,,,,,
2,890,,,,,,,,153.18299865722656,9.215301513671875,0.796202540397644,0.5982431769371033,460.1473693847656
3,899,,,,,114.2447509765625,0.5737733840942383,343.3080139160156,,,,,
3,909,,,,,104.96766662597656,0.6160193681716919,315.51904296875,,,,,
3,919,,,,,177.4200897216797,0.6143631935119629,532.8746337890625,,,,,
3,929,,,,,113.55807495117188,0.5993895530700684,341.27362060546875,,,,,
3,939,,,,,142.85198974609375,0.5966657996177673,429.15264892578125,,,,,
3,949,,,,,130.70408630371094,0.5966588258743286,392.7088928222656,,,,,
3,959,,,,,181.02923583984375,0.6481931209564209,543.7359008789062,,,,,
3,969,,,,,256.1438293457031,0.6007781028747559,769.0322875976562,,,,,
3,979,,,,,149.8697052001953,0.5752798914909363,450.1844177246094,,,,,
3,989,,,,,176.3431854248047,0.5732792615890503,529.6028442382812,,,,,
3,999,,,,,114.33601379394531,0.596957802772522,343.6050109863281,,,,,
3,1009,,,,,122.59053039550781,0.5671981573104858,368.33880615234375,,,,,
3,1019,,,,,109.4612808227539,0.581935703754425,328.9657897949219,,,,,
3,1029,,,,,231.81369018554688,0.6367753744125366,696.0778198242188,,,,,
3,1039,,,,,108.13863372802734,0.6467272043228149,325.0626220703125,,,,,
3,1049,,,,,214.0618896484375,0.5942878723144531,642.7799682617188,,,,,
3,1059,,,,,132.0071258544922,0.5840181708335876,396.6053771972656,,,,,
3,1069,,,,,136.7603759765625,0.6352078914642334,410.91632080078125,,,,,
3,1079,,,,,120.09579467773438,0.6140508651733398,360.90142822265625,,,,,
3,1089,,,,,128.1321258544922,0.5924111604690552,384.98876953125,,,,,
3,1099,,,,,228.0835418701172,0.5513824820518494,684.802001953125,,,,,
3,1109,,,,,108.3221435546875,0.6293261051177979,325.59576416015625,,,,,
3,1119,,,,,126.84934997558594,0.602741003036499,381.1507873535156,,,,,
3,1129,,,,,148.79092407226562,0.6285990476608276,447.0013732910156,,,,,
3,1139,,,,,136.08761596679688,0.5600045919418335,408.8228454589844,,,,,
3,1149,,,,,118.19436645507812,0.5634545087814331,355.14654541015625,,,,,
3,1159,,,,,118.0009536743164,0.6418490409851074,354.64471435546875,,,,,
3,1169,,,,,121.33978271484375,0.5873256325721741,364.6066589355469,,,,,
3,1179,,,,,120.84881591796875,0.5633846521377563,363.1098327636719,,,,,
3,1187,,,,,,,,162.74588012695312,9.281188011169434,0.8143460154533386,0.6010892391204834,488.8386535644531
4,1189,,,,,154.05886840820312,0.5859458446502686,462.7625427246094,,,,,
4,1199,,,,,130.04261779785156,0.6077383160591125,390.735595703125,,,,,
4,1209,,,,,138.2515869140625,0.6181994080543518,415.3729553222656,,,,,
4,1219,,,,,223.68655395507812,0.6636060476303101,671.7233276367188,,,,,
4,1229,,,,,153.02005004882812,0.6412265300750732,459.7013854980469,,,,,
4,1239,,,,,104.59014892578125,0.6040876507759094,314.3745422363281,,,,,
4,1249,,,,,124.57426452636719,0.6089215278625488,374.3316955566406,,,,,
4,1259,,,,,118.18331146240234,0.6074129939079285,355.1573486328125,,,,,
4,1269,,,,,130.3039093017578,0.5985362529754639,391.5102844238281,,,,,
4,1279,,,,,113.64086151123047,0.6469658613204956,341.5695495605469,,,,,
4,1289,,,,,182.45425415039062,0.6027512550354004,547.9655151367188,,,,,
4,1299,,,,,108.45637512207031,0.5747639536857605,325.94390869140625,,,,,
4,1309,,,,,201.8729248046875,0.5652158856391907,606.1839599609375,,,,,
4,1319,,,,,124.79005432128906,0.6062042117118835,374.97637939453125,,,,,
4,1329,,,,,135.05850219726562,0.5973547101020813,405.7728576660156,,,,,
4,1339,,,,,189.32571411132812,0.6068649291992188,568.5840454101562,,,,,
4,1349,,,,,127.62448120117188,0.5947033762931824,383.4681396484375,,,,,
4,1359,,,,,100.94284057617188,0.6090364456176758,303.43756103515625,,,,,
4,1369,,,,,96.50291442871094,0.5619035959243774,290.07061767578125,,,,,
4,1379,,,,,148.11996459960938,0.5577696561813354,444.91766357421875,,,,,
4,1389,,,,,129.45880126953125,0.6311443448066711,389.0075378417969,,,,,
4,1399,,,,,189.20164489746094,0.6219690442085266,568.2268676757812,,,,,
4,1409,,,,,203.2316131591797,0.6181610226631165,610.31298828125,,,,,
4,1419,,,,,89.67021179199219,0.6154738068580627,269.6260986328125,,,,,
4,1429,,,,,125.21356201171875,0.6126515865325928,376.2533264160156,,,,,
4,1439,,,,,182.29736328125,0.6114673614501953,547.5035400390625,,,,,
4,1449,,,,,79.65831756591797,0.6233618259429932,239.5983123779297,,,,,
4,1459,,,,,190.39590454101562,0.5983279943466187,571.7860717773438,,,,,
4,1469,,,,,105.63742065429688,0.576958417892456,317.4892272949219,,,,,
4,1479,,,,,116.18450164794922,0.5901787877082825,349.1436767578125,,,,,
4,1484,,,,,,,,145.52101135253906,8.869033813476562,0.8033755421638489,0.5979126691818237,437.1609191894531
5,1489,,,,,117.57344818115234,0.6052761077880859,353.32562255859375,,,,,
5,1499,,,,,122.07184600830078,0.6201432943344116,366.835693359375,,,,,
5,1509,,,,,125.86567687988281,0.5895138382911682,378.1865539550781,,,,,
5,1519,,,,,117.57565307617188,0.613234281539917,353.3401794433594,,,,,
5,1529,,,,,108.74977111816406,0.6511318683624268,326.90045166015625,,,,,
5,1539,,,,,124.39586639404297,0.5731205940246582,373.7607116699219,,,,,
5,1549,,,,,135.3505401611328,0.5627956390380859,406.61444091796875,,,,,
5,1559,,,,,125.37239837646484,0.603073239326477,376.72027587890625,,,,,
5,1569,,,,,122.94696044921875,0.6385554671287537,369.47943115234375,,,,,
5,1579,,,,,104.66354370117188,0.5928919315338135,314.5835266113281,,,,,
5,1589,,,,,107.76432800292969,0.594545841217041,323.88751220703125,,,,,
5,1599,,,,,102.02550506591797,0.591154158115387,306.66766357421875,,,,,
5,1609,,,,,103.39738464355469,0.6573468446731567,310.8494873046875,,,,,
5,1619,,,,,144.64854431152344,0.5788024663925171,434.5244140625,,,,,
5,1629,,,,,95.12507629394531,0.5512025952339172,285.92645263671875,,,,,
5,1639,,,,,114.82221221923828,0.5413575172424316,345.00799560546875,,,,,
5,1649,,,,,118.9646987915039,0.6501028537750244,357.5442199707031,,,,,
5,1659,,,,,117.68797302246094,0.599265992641449,353.6631774902344,,,,,
5,1669,,,,,113.43679809570312,0.6116055250167847,340.9219970703125,,,,,
5,1679,,,,,124.51954650878906,0.6148068308830261,374.1734619140625,,,,,
5,1689,,,,,90.57018280029297,0.6356492638587952,272.34619140625,,,,,
5,1699,,,,,132.02774047851562,0.6061630249023438,396.68939208984375,,,,,
5,1709,,,,,88.61708068847656,0.6276155710220337,266.4788818359375,,,,,
5,1719,,,,,95.51309204101562,0.5680006742477417,287.1072692871094,,,,,
5,1729,,,,,103.07781982421875,0.5991736650466919,309.8326416015625,,,,,
5,1739,,,,,161.34201049804688,0.6075903177261353,484.6336364746094,,,,,
5,1749,,,,,83.45608520507812,0.6154438853263855,250.98370361328125,,,,,
5,1759,,,,,96.70536041259766,0.6106445789337158,290.72674560546875,,,,,
5,1769,,,,,75.60407257080078,0.6092442870140076,227.4214630126953,,,,,
5,1779,,,,,156.1815185546875,0.6068288683891296,469.1513977050781,,,,,
5,1781,,,,,,,,148.24082946777344,9.058429718017578,0.7881856560707092,0.5994277000427246,445.3219909667969
6,1789,,,,,82.99055480957031,0.5901158452033997,249.56178283691406,,,,,
6,1799,,,,,130.79824829101562,0.5985546112060547,392.9932861328125,,,,,
6,1809,,,,,88.82524871826172,0.5730164647102356,267.04876708984375,,,,,
6,1819,,,,,175.919189453125,0.5563076734542847,528.3139038085938,,,,,
6,1829,,,,,159.31207275390625,0.5724591016769409,478.5086669921875,,,,,
6,1839,,,,,97.93841552734375,0.5925896167755127,294.4078369140625,,,,,
6,1849,,,,,134.7651824951172,0.5913271903991699,404.8868713378906,,,,,
6,1859,,,,,120.37725830078125,0.5872812271118164,361.71905517578125,,,,,
6,1869,,,,,108.642822265625,0.6254018545150757,326.5538635253906,,,,,
6,1879,,,,,155.9993896484375,0.5920259952545166,468.5902099609375,,,,,
6,1889,,,,,75.80000305175781,0.5262883305549622,227.92630004882812,,,,,
6,1899,,,,,149.859375,0.602865993976593,450.1809997558594,,,,,
6,1909,,,,,97.30039978027344,0.5682688355445862,292.4694519042969,,,,,
6,1919,,,,,41.82422637939453,0.6278941631317139,126.10057067871094,,,,,
6,1929,,,,,124.05747985839844,0.5838826894760132,372.7563171386719,,,,,
6,1939,,,,,91.82562255859375,0.6229956150054932,276.099853515625,,,,,
6,1949,,,,,76.93540954589844,0.6073038578033447,231.4135284423828,,,,,
6,1959,,,,,119.50273132324219,0.6444525718688965,359.1526184082031,,,,,
6,1969,,,,,113.75508117675781,0.6241284012794495,341.8893737792969,,,,,
6,1979,,,,,97.45346069335938,0.5824525356292725,292.9428405761719,,,,,
6,1989,,,,,111.45201873779297,0.5901175737380981,334.9461669921875,,,,,
6,1999,,,,,87.72894287109375,0.6092088222503662,263.7960510253906,,,,,
6,2009,,,,,157.919921875,0.5762556195259094,474.3360290527344,,,,,
6,2019,,,,,74.03364562988281,0.6583939790725708,222.75933837890625,,,,,
6,2029,,,,,90.7572021484375,0.5807010531425476,272.852294921875,,,,,
6,2039,,,,,104.03742980957031,0.6291961073875427,312.7414855957031,,,,,
6,2049,,,,,117.01579284667969,0.6081545352935791,351.655517578125,,,,,
6,2059,,,,,103.6808853149414,0.6237571239471436,311.6664123535156,,,,,
6,2069,,,,,159.26913452148438,0.5899109840393066,478.3973083496094,,,,,
6,2078,,,,,,,,143.27696228027344,8.731599807739258,0.8206751346588135,0.5969119071960449,430.42779541015625
7,2079,,,,,138.6477813720703,0.5947818756103516,416.53814697265625,,,,,
7,2089,,,,,146.65306091308594,0.6045490503311157,440.563720703125,,,,,
7,2099,,,,,102.798095703125,0.604915976524353,308.99920654296875,,,,,
7,2109,,,,,110.92471313476562,0.6132860779762268,333.3874206542969,,,,,
7,2119,,,,,80.4677734375,0.5597386360168457,241.9630584716797,,,,,
7,2129,,,,,123.19119262695312,0.6325214505195618,370.2060852050781,,,,,
7,2139,,,,,154.92398071289062,0.5796903371810913,465.35162353515625,,,,,
7,2149,,,,,210.10009765625,0.5904911756515503,630.8908081054688,,,,,
7,2159,,,,,110.43228912353516,0.6157780885696411,331.91265869140625,,,,,
7,2169,,,,,92.93196105957031,0.5784331560134888,279.37432861328125,,,,,
7,2179,,,,,105.74869537353516,0.6204344034194946,317.86651611328125,,,,,
7,2189,,,,,117.26419067382812,0.5752736330032349,352.36785888671875,,,,,
7,2199,,,,,64.08855438232422,0.5697686076164246,192.83541870117188,,,,,
7,2209,,,,,118.79612731933594,0.5887719988822937,356.9771423339844,,,,,
7,2219,,,,,157.17715454101562,0.5804550647735596,472.1119079589844,,,,,
7,2229,,,,,107.10903930664062,0.5627931356430054,321.8899230957031,,,,,
7,2239,,,,,108.15946197509766,0.5728890895843506,325.05126953125,,,,,
7,2249,,,,,118.42548370361328,0.6191309690475464,355.8955993652344,,,,,
7,2259,,,,,99.36734771728516,0.6263086199760437,298.7283630371094,,,,,
7,2269,,,,,105.56120300292969,0.5783833861351013,317.261962890625,,,,,
7,2279,,,,,74.64495849609375,0.6434731483459473,224.57835388183594,,,,,
7,2289,,,,,119.87476348876953,0.5892153978347778,360.2135009765625,,,,,
7,2299,,,,,89.22746276855469,0.6176742315292358,268.300048828125,,,,,
7,2309,,,,,132.38211059570312,0.6108884811401367,397.7572326660156,,,,,
7,2319,,,,,127.597412109375,0.6057050228118896,383.39794921875,,,,,
7,2329,,,,,80.84104919433594,0.5854746103286743,243.10862731933594,,,,,
7,2339,,,,,98.14988708496094,0.6259278059005737,295.0755615234375,,,,,
7,2349,,,,,72.23856353759766,0.5883866548538208,217.30409240722656,,,,,
7,2359,,,,,111.4249267578125,0.5939123034477234,334.8686828613281,,,,,
7,2369,,,,,97.15746307373047,0.5975682735443115,292.0699462890625,,,,,
7,2375,,,,,,,,180.3289031982422,10.294991493225098,0.8244725465774536,0.597262978553772,541.583984375
8,2379,,,,,86.0184097290039,0.590457558631897,258.64569091796875,,,,,
8,2389,,,,,96.14741516113281,0.5931990146636963,289.03546142578125,,,,,
8,2399,,,,,115.56016540527344,0.6512478590011597,347.33172607421875,,,,,
8,2409,,,,,116.89984130859375,0.5666844844818115,351.2662048339844,,,,,
8,2419,,,,,127.06417846679688,0.5757626295089722,381.768310546875,,,,,
8,2429,,,,,61.91941833496094,0.5356365442276001,186.29388427734375,,,,,
8,2439,,,,,100.86752319335938,0.5691590905189514,303.1717224121094,,,,,
8,2449,,,,,69.49984741210938,0.5643593072891235,209.06390380859375,,,,,
8,2459,,,,,63.35065460205078,0.6168921589851379,190.6688690185547,,,,,
8,2469,,,,,86.65123748779297,0.5694196820259094,260.52313232421875,,,,,
8,2479,,,,,161.66510009765625,0.5995133519172668,485.5948181152344,,,,,
8,2489,,,,,141.2749786376953,0.555618405342102,424.3805847167969,,,,,
8,2499,,,,,101.74354553222656,0.5914095044136047,305.8220520019531,,,,,
8,2509,,,,,133.35606384277344,0.5748989582061768,400.64306640625,,,,,
8,2519,,,,,141.57086181640625,0.611435055732727,425.32403564453125,,,,,
8,2529,,,,,89.85740661621094,0.5930545330047607,270.1652526855469,,,,,
8,2539,,,,,75.37092590332031,0.6028614640235901,226.71563720703125,,,,,
8,2549,,,,,166.86004638671875,0.6309749484062195,501.21112060546875,,,,,
8,2559,,,,,105.84959411621094,0.5820786952972412,318.130859375,,,,,
8,2569,,,,,94.60252380371094,0.5605247020721436,284.3680725097656,,,,,
8,2579,,,,,137.17083740234375,0.6700345873832703,412.18255615234375,,,,,
8,2589,,,,,63.30543518066406,0.6385591626167297,190.55487060546875,,,,,
8,2599,,,,,106.0057373046875,0.5743075609207153,318.5915222167969,,,,,
8,2609,,,,,86.99658203125,0.6007224321365356,261.5904541015625,,,,,
8,2619,,,,,85.66580200195312,0.6252570152282715,257.6226501464844,,,,,
8,2629,,,,,92.71766662597656,0.5938324332237244,278.7468566894531,,,,,
8,2639,,,,,78.60517120361328,0.5888470411300659,236.4043731689453,,,,,
8,2649,,,,,101.79472351074219,0.557174563407898,305.9413146972656,,,,,
8,2659,,,,,78.13223266601562,0.591690182685852,234.98838806152344,,,,,
8,2669,,,,,138.6754150390625,0.5697166323661804,416.595947265625,,,,,
8,2672,,,,,,,,135.84625244140625,8.531598091125488,0.8303797245025635,0.5928668975830078,408.1317138671875
9,2679,,,,,79.04134368896484,0.6365470290184021,237.7605743408203,,,,,
9,2689,,,,,95.96170043945312,0.5954857468605042,288.4805908203125,,,,,
9,2699,,,,,99.64125061035156,0.5839225649833679,299.5076904296875,,,,,
9,2709,,,,,89.34695434570312,0.6169945001602173,268.6578674316406,,,,,
9,2719,,,,,96.57618713378906,0.5759528875350952,290.3045349121094,,,,,
9,2729,,,,,78.29242706298828,0.6007137298583984,235.47799682617188,,,,,
9,2739,,,,,99.21987915039062,0.5832092761993408,298.24285888671875,,,,,
9,2749,,,,,62.48980712890625,0.5882686972618103,188.0576934814453,,,,,
9,2759,,,,,104.28872680664062,0.6417086124420166,313.5079040527344,,,,,
9,2769,,,,,137.2180938720703,0.6211591362953186,412.27545166015625,,,,,
9,2779,,,,,99.109619140625,0.5721222758293152,297.9009704589844,,,,,
9,2789,,,,,97.2083740234375,0.5919431447982788,292.2170715332031,,,,,
9,2799,,,,,63.07307434082031,0.5400187373161316,189.75924682617188,,,,,
9,2809,,,,,103.14631652832031,0.576981782913208,310.0159606933594,,,,,
9,2819,,,,,126.89534759521484,0.5985531806945801,381.2845764160156,,,,,
9,2829,,,,,77.48140716552734,0.5956943035125732,233.03990173339844,,,,,
9,2839,,,,,113.53498077392578,0.6124686598777771,341.2174072265625,,,,,
9,2849,,,,,120.73417663574219,0.5762240290641785,362.77874755859375,,,,,
9,2859,,,,,92.1910629272461,0.5652506947517395,277.138427734375,,,,,
9,2869,,,,,82.115478515625,0.5963272452354431,246.94276428222656,,,,,
9,2879,,,,,72.52821350097656,0.5577409267425537,218.1423797607422,,,,,
9,2889,,,,,104.9471435546875,0.5334484577178955,315.3748779296875,,,,,
9,2899,,,,,109.42345428466797,0.6096646785736084,328.8800048828125,,,,,
9,2909,,,,,140.9536590576172,0.5886528491973877,423.4496154785156,,,,,
9,2919,,,,,100.59877014160156,0.5871042013168335,302.3834228515625,,,,,
9,2929,,,,,87.5029067993164,0.5907178521156311,263.0994567871094,,,,,
9,2939,,,,,124.1668930053711,0.546883225440979,373.04754638671875,,,,,
9,2949,,,,,158.98269653320312,0.5801349878311157,477.5282287597656,,,,,
9,2959,,,,,107.96815490722656,0.5965455174446106,324.50103759765625,,,,,
9,2969,,,,,103.00946807861328,0.6481477618217468,309.67657470703125,,,,,
9,2969,,,,,,,,134.30702209472656,8.347028732299805,0.8324894309043884,0.588988184928894,403.5100402832031
10,2979,,,,,87.88172912597656,0.5713440775871277,264.216552734375,,,,,
10,2989,,,,,111.08206176757812,0.6115154027938843,333.8576965332031,,,,,
10,2999,,,,,32.5361442565918,0.6390225887298584,98.24745178222656,,,,,
10,3009,,,,,49.81575012207031,0.5744385719299316,150.0216827392578,,,,,
10,3019,,,,,67.8489761352539,0.5680397152900696,204.11497497558594,,,,,
10,3029,,,,,81.56602478027344,0.6102116107940674,245.30828857421875,,,,,
10,3039,,,,,66.13638305664062,0.5287854671478271,198.93792724609375,,,,,
10,3049,,,,,131.76174926757812,0.560160219669342,395.84539794921875,,,,,
10,3059,,,,,84.44530487060547,0.5709925889968872,253.9069061279297,,,,,
10,3069,,,,,115.451904296875,0.5783224105834961,346.93402099609375,,,,,
10,3079,,,,,101.59185028076172,0.6355081796646118,305.4110412597656,,,,,
10,3089,,,,,74.33036041259766,0.55860435962677,223.54969787597656,,,,,
10,3099,,,,,110.03134155273438,0.5811892747879028,330.6752014160156,,,,,
10,3109,,,,,110.21845245361328,0.588677167892456,331.2440490722656,,,,,
10,3119,,,,,89.02320861816406,0.6030048131942749,267.6726379394531,,,,,
10,3129,,,,,98.3353042602539,0.5606948137283325,295.5666198730469,,,,,
10,3139,,,,,119.71642303466797,0.6061384677886963,359.7554016113281,,,,,
10,3149,,,,,122.68888092041016,0.589453399181366,368.6560974121094,,,,,
10,3159,,,,,93.0762710571289,0.5866202116012573,279.8154296875,,,,,
10,3169,,,,,152.94247436523438,0.5841418504714966,459.41156005859375,,,,,
10,3179,,,,,78.16472625732422,0.5581306219100952,235.05230712890625,,,,,
10,3189,,,,,103.16825866699219,0.6003819108009338,310.1051330566406,,,,,
10,3199,,,,,110.85958862304688,0.5399019718170166,333.1186828613281,,,,,
10,3209,,,,,137.5721435546875,0.5933315753936768,413.30975341796875,,,,,
10,3219,,,,,115.95217895507812,0.5361028909683228,348.39263916015625,,,,,
10,3229,,,,,75.74028015136719,0.6035221815109253,227.82435607910156,,,,,
10,3239,,,,,104.86824035644531,0.581079363822937,315.1858215332031,,,,,
10,3249,,,,,87.09699249267578,0.660981297492981,261.95196533203125,,,,,
10,3259,,,,,81.16459655761719,0.6029049158096313,244.09669494628906,,,,,
10,3266,,,,,,,,136.86595153808594,8.416119575500488,0.8206751346588135,0.5902029275894165,411.1880798339844
11,3269,,,,,105.75839233398438,0.5539488792419434,317.8291320800781,,,,,
11,3279,,,,,47.624908447265625,0.5943372249603271,143.46905517578125,,,,,
11,3289,,,,,58.97505187988281,0.5692551732063293,177.49441528320312,,,,,
11,3299,,,,,86.20411682128906,0.6328970193862915,259.2452697753906,,,,,
11,3309,,,,,74.97526550292969,0.5657914876937866,225.49159240722656,,,,,
11,3319,,,,,72.48957061767578,0.5863168239593506,218.05503845214844,,,,,
11,3329,,,,,56.4477653503418,0.5730413198471069,169.9163360595703,,,,,
11,3339,,,,,116.0605239868164,0.6200445890426636,348.8016357421875,,,,,
11,3349,,,,,83.31161499023438,0.5098969340324402,250.4447479248047,,,,,
11,3359,,,,,72.62361145019531,0.5502818822860718,218.42111206054688,,,,,
11,3369,,,,,112.05573272705078,0.5886497497558594,336.755859375,,,,,
11,3379,,,,,63.85189437866211,0.5930001735687256,192.148681640625,,,,,
11,3389,,,,,71.13606262207031,0.6125802397727966,214.02076721191406,,,,,
11,3399,,,,,91.72908020019531,0.6056879758834839,275.7929382324219,,,,,
11,3409,,,,,89.33154296875,0.5838043689727783,268.57843017578125,,,,,
11,3419,,,,,76.50007629394531,0.5790038108825684,230.07923889160156,,,,,
11,3429,,,,,85.24552917480469,0.5511529445648193,256.2877502441406,,,,,
11,3439,,,,,81.99988555908203,0.5709555149078369,246.57061767578125,,,,,
11,3449,,,,,135.22909545898438,0.572049617767334,406.25933837890625,,,,,
11,3459,,,,,80.12146759033203,0.6188632249832153,240.9832763671875,,,,,
11,3469,,,,,70.08316040039062,0.5465770959854126,210.79605102539062,,,,,
11,3479,,,,,68.66893005371094,0.6072038412094116,206.61399841308594,,,,,
11,3489,,,,,80.07671356201172,0.5066691637039185,240.73680114746094,,,,,
11,3499,,,,,93.98785400390625,0.6173785328865051,282.5809326171875,,,,,
11,3509,,,,,72.14387512207031,0.5945800542831421,217.0261993408203,,,,,
11,3519,,,,,104.86184692382812,0.5617908835411072,315.1473388671875,,,,,
11,3529,,,,,99.95640563964844,0.5925131440162659,300.4617004394531,,,,,
11,3539,,,,,107.40428924560547,0.5603039860725403,322.7731628417969,,,,,
11,3549,,,,,119.96018981933594,0.5343989133834839,360.4149475097656,,,,,
11,3559,,,,,95.78349304199219,0.5887505412101746,287.939208984375,,,,,
11,3563,,,,,,,,143.77835083007812,8.801331520080566,0.8215189576148987,0.5900120735168457,431.92510986328125
12,3569,,,,,83.36331176757812,0.5603830814361572,250.6503143310547,,,,,
12,3579,,,,,66.7659683227539,0.5467720031738281,200.8446807861328,,,,,
12,3589,,,,,73.12567138671875,0.6226426362991333,219.99966430664062,,,,,
12,3599,,,,,67.54672241210938,0.5956302285194397,203.2357940673828,,,,,
12,3609,,,,,123.81155395507812,0.5839715600013733,372.0186462402344,,,,,
12,3619,,,,,74.51285552978516,0.5757244825363159,224.1143035888672,,,,,
12,3629,,,,,73.20272827148438,0.5634511709213257,220.171630859375,,,,,
12,3639,,,,,83.16983032226562,0.6098979711532593,250.119384765625,,,,,
12,3649,,,,,73.30149841308594,0.5576799511909485,220.46217346191406,,,,,
12,3659,,,,,73.8939208984375,0.5352633595466614,222.21702575683594,,,,,
12,3669,,,,,68.63937377929688,0.6689502596855164,206.58706665039062,,,,,
12,3679,,,,,80.43292236328125,0.579153299331665,241.87791442871094,,,,,
12,3689,,,,,68.45057678222656,0.5951352119445801,205.94686889648438,,,,,
12,3699,,,,,98.78326416015625,0.5612815022468567,296.91107177734375,,,,,
12,3709,,,,,101.43470001220703,0.5637466907501221,304.86785888671875,,,,,
12,3719,,,,,71.48005676269531,0.5640392303466797,215.00421142578125,,,,,
12,3729,,,,,88.32244873046875,0.5592724084854126,265.526611328125,,,,,
12,3739,,,,,76.05623626708984,0.5501959919929504,228.71890258789062,,,,,
12,3749,,,,,94.64682006835938,0.5572329759597778,284.4976806640625,,,,,
12,3759,,,,,86.64237976074219,0.6216657161712646,260.5487976074219,,,,,
12,3769,,,,,80.97520446777344,0.5743941068649292,243.5,,,,,
12,3779,,,,,49.83180236816406,0.580481231212616,150.0758819580078,,,,,
12,3789,,,,,57.46708679199219,0.600677490234375,173.00193786621094,,,,,
12,3799,,,,,91.88540649414062,0.6005730032920837,276.2568054199219,,,,,
12,3809,,,,,129.3161163330078,0.6098805665969849,388.5582580566406,,,,,
12,3819,,,,,94.11788940429688,0.5861215591430664,282.9397888183594,,,,,
12,3829,,,,,92.08271789550781,0.606751024723053,276.85491943359375,,,,,
12,3839,,,,,127.87309265136719,0.5684476494789124,384.1877136230469,,,,,
12,3849,,,,,57.74878692626953,0.6207404136657715,173.8671112060547,,,,,
12,3859,,,,,83.9892349243164,0.5713499784469604,252.5390625,,,,,
12,3860,,,,,,,,133.9528045654297,8.452858924865723,0.8282700181007385,0.5892769694328308,402.44769287109375
13,3869,,,,,67.71638488769531,0.559585452079773,203.708740234375,,,,,
13,3879,,,,,58.69261169433594,0.5792855620384216,176.65711975097656,,,,,
13,3889,,,,,68.18460845947266,0.5827493667602539,205.13658142089844,,,,,
13,3899,,,,,62.279048919677734,0.5516215562820435,187.38876342773438,,,,,
13,3909,,,,,77.86651611328125,0.5743245482444763,234.1738739013672,,,,,
13,3919,,,,,86.68071746826172,0.6225577592849731,260.6647033691406,,,,,
13,3929,,,,,204.81051635742188,0.5444772839546204,614.9760131835938,,,,,
13,3939,,,,,91.04318237304688,0.5705073475837708,273.7000427246094,,,,,
13,3949,,,,,90.0247802734375,0.5741199254989624,270.6484680175781,,,,,
13,3959,,,,,105.97631072998047,0.6070265173912048,318.53594970703125,,,,,
13,3969,,,,,60.489158630371094,0.5628531575202942,182.0303192138672,,,,,
13,3979,,,,,78.14472961425781,0.6222989559173584,235.05648803710938,,,,,
13,3989,,,,,93.87939453125,0.612612783908844,282.25079345703125,,,,,
13,3999,,,,,71.30009460449219,0.5901798605918884,214.49046325683594,,,,,
13,4009,,,,,80.20664978027344,0.5603950619697571,241.1803436279297,,,,,
13,4019,,,,,86.64875793457031,0.5472939014434814,260.49359130859375,,,,,
13,4029,,,,,79.31175231933594,0.5754526257514954,238.51071166992188,,,,,
13,4039,,,,,65.46244812011719,0.5946748852729797,196.98202514648438,,,,,
13,4049,,,,,66.95533752441406,0.595562219619751,201.46157836914062,,,,,
13,4059,,,,,96.79977416992188,0.6035128235816956,291.0028381347656,,,,,
13,4069,,,,,81.69183349609375,0.5749735832214355,245.6504669189453,,,,,
13,4079,,,,,84.85382080078125,0.573003888130188,255.13446044921875,,,,,
13,4089,,,,,65.71661376953125,0.5818790793418884,197.73171997070312,,,,,
13,4099,,,,,66.75636291503906,0.5961547493934631,200.86524963378906,,,,,
13,4109,,,,,68.48699951171875,0.5906906127929688,206.05169677734375,,,,,
13,4119,,,,,83.01161193847656,0.6091996431350708,249.64404296875,,,,,
13,4129,,,,,80.33297729492188,0.5973043441772461,241.5962371826172,,,,,
13,4139,,,,,83.42694854736328,0.5977509021759033,250.87860107421875,,,,,
13,4149,,,,,74.6832046508789,0.6374974846839905,224.68711853027344,,,,,
13,4157,,,,,,,,142.83680725097656,8.844907760620117,0.8329113721847534,0.588992178440094,429.0993347167969
14,4159,,,,,76.74784851074219,0.602037787437439,230.8455810546875,,,,,
14,4169,,,,,65.88622283935547,0.6226725578308105,198.2813262939453,,,,,
14,4179,,,,,60.80232238769531,0.6340634226799011,183.04103088378906,,,,,
14,4189,,,,,97.19479370117188,0.5922754406929016,292.1766662597656,,,,,
14,4199,,,,,109.29627990722656,0.5788103342056274,328.4676513671875,,,,,
14,4209,,,,,96.85106658935547,0.5664149522781372,291.1195983886719,,,,,
14,4219,,,,,64.1916732788086,0.5584779977798462,193.13348388671875,,,,,
14,4229,,,,,92.1336669921875,0.5742200613021851,276.9752197265625,,,,,
14,4239,,,,,70.25418090820312,0.5549972057342529,211.31753540039062,,,,,
14,4249,,,,,72.82563781738281,0.5930245518684387,219.06993103027344,,,,,
14,4259,,,,,64.89977264404297,0.5791917443275452,195.27850341796875,,,,,
14,4269,,,,,66.19320678710938,0.5482538342475891,199.12786865234375,,,,,
14,4279,,,,,89.13409423828125,0.5507825016975403,267.95306396484375,,,,,
14,4289,,,,,63.85223388671875,0.5358970165252686,192.0926055908203,,,,,
14,4299,,,,,201.33164978027344,0.6027108430862427,604.59765625,,,,,
14,4309,,,,,74.51957702636719,0.5988742113113403,224.15760803222656,,,,,
14,4319,,,,,54.12109375,0.542070746421814,162.9053497314453,,,,,
14,4329,,,,,51.955116271972656,0.5518613457679749,156.41722106933594,,,,,
14,4339,,,,,114.08845520019531,0.5646071434020996,342.8299865722656,,,,,
14,4349,,,,,84.31517791748047,0.6041682958602905,253.54969787597656,,,,,
14,4359,,,,,90.35115051269531,0.5738217830657959,271.6272888183594,,,,,
14,4369,,,,,65.8280258178711,0.5530140995979309,198.03707885742188,,,,,
14,4379,,,,,53.46873092651367,0.5675656795501709,160.9737548828125,,,,,
14,4389,,,,,70.26640319824219,0.57608962059021,211.37530517578125,,,,,
14,4399,,,,,74.78978729248047,0.5913535356521606,224.96070861816406,,,,,
14,4409,,,,,53.463470458984375,0.5686310529708862,160.95904541015625,,,,,
14,4419,,,,,89.15362548828125,0.5826005339622498,268.0434875488281,,,,,
14,4429,,,,,73.09627532958984,0.5799541473388672,219.8687744140625,,,,,
14,4439,,,,,98.96670532226562,0.6009446382522583,297.5010681152344,,,,,
14,4449,,,,,75.49221801757812,0.6076329946517944,227.08428955078125,,,,,
14,4454,,,,,,,,140.30789184570312,8.597115516662598,0.8367088437080383,0.5933922529220581,421.5170593261719
15,4459,,,,,80.63030242919922,0.5400446057319641,242.43093872070312,,,,,
15,4469,,,,,67.11027526855469,0.5758723616600037,201.9066925048828,,,,,
15,4479,,,,,58.120941162109375,0.6205728054046631,174.9833984375,,,,,
15,4489,,,,,46.825439453125,0.5980521440505981,141.07437133789062,,,,,
15,4499,,,,,73.7776107788086,0.6055763363838196,221.9384002685547,,,,,
15,4509,,,,,70.70909118652344,0.6199338436126709,212.74720764160156,,,,,
15,4519,,,,,55.73262023925781,0.5510916709899902,167.7489471435547,,,,,
15,4529,,,,,75.43574523925781,0.5914288759231567,226.89866638183594,,,,,
15,4539,,,,,69.40363311767578,0.5868982076644897,208.7978057861328,,,,,
15,4549,,,,,82.36285400390625,0.5677461624145508,247.65631103515625,,,,,
15,4559,,,,,96.27418518066406,0.5538339614868164,289.37640380859375,,,,,
15,4569,,,,,58.5423698425293,0.5298320651054382,176.1569366455078,,,,,
15,4579,,,,,75.48184204101562,0.5614662170410156,227.00698852539062,,,,,
15,4589,,,,,55.33760070800781,0.5830394625663757,166.59584045410156,,,,,
15,4599,,,,,140.16944885253906,0.5592954158782959,421.0676574707031,,,,,
15,4609,,,,,52.77134704589844,0.5819374322891235,158.89598083496094,,,,,
15,4619,,,,,73.37118530273438,0.5849977731704712,220.69854736328125,,,,,
15,4629,,,,,99.67997741699219,0.5819540619850159,299.6218566894531,,,,,
15,4639,,,,,48.640098571777344,0.6218012571334839,146.54208374023438,,,,,
15,4649,,,,,53.35136795043945,0.5562205910682678,160.61032104492188,,,,,
15,4659,,,,,112.27661895751953,0.5783873796463013,337.40826416015625,,,,,
15,4669,,,,,56.903472900390625,0.5677399635314941,171.2781524658203,,,,,
15,4679,,,,,112.3568115234375,0.5729846358299255,337.6434326171875,,,,,
15,4689,,,,,89.41493225097656,0.575534462928772,268.8203430175781,,,,,
15,4699,,,,,96.84982299804688,0.5779549479484558,291.1274108886719,,,,,
15,4709,,,,,106.70877075195312,0.5892376899719238,320.7155456542969,,,,,
15,4719,,,,,74.28205108642578,0.5975805521011353,223.44374084472656,,,,,
15,4729,,,,,95.74427032470703,0.5735302567481995,287.80633544921875,,,,,
15,4739,,,,,99.91519165039062,0.6472682952880859,300.3928527832031,,,,,
15,4749,,,,,65.43763732910156,0.5638081431388855,196.87672424316406,,,,,
15,4751,,,,,,,,151.09286499023438,9.096919059753418,0.8308016657829285,0.5889127850532532,453.8675537109375
16,4759,,,,,72.15614318847656,0.5162513256072998,216.98468017578125,,,,,
16,4769,,,,,107.77455139160156,0.58595871925354,323.9096374511719,,,,,
16,4779,,,,,51.49053955078125,0.5683680772781372,155.0399932861328,,,,,
16,4789,,,,,52.61090850830078,0.5812588930130005,158.4139862060547,,,,,
16,4799,,,,,65.46052551269531,0.5614427328109741,196.94302368164062,,,,,
16,4809,,,,,73.45945739746094,0.5697392821311951,220.94810485839844,,,,,
16,4819,,,,,54.77811050415039,0.5627794861793518,164.89710998535156,,,,,
16,4829,,,,,88.58256530761719,0.5512614846229553,266.2989501953125,,,,,
16,4839,,,,,73.1599349975586,0.660460352897644,220.1402587890625,,,,,
16,4849,,,,,53.94091033935547,0.5851006507873535,162.40782165527344,,,,,
16,4859,,,,,78.76747131347656,0.5642396807670593,236.8666534423828,,,,,
16,4869,,,,,72.9129409790039,0.539490818977356,219.2783203125,,,,,
16,4879,,,,,68.4210205078125,0.5839947462081909,205.84706115722656,,,,,
16,4889,,,,,63.97336959838867,0.5156961679458618,192.43580627441406,,,,,
16,4899,,,,,80.04670715332031,0.6328486204147339,240.77296447753906,,,,,
16,4909,,,,,93.9331283569336,0.5569074153900146,282.3562927246094,,,,,
16,4919,,,,,76.39447021484375,0.5891448259353638,229.77255249023438,,,,,
16,4929,,,,,81.489501953125,0.5670719742774963,245.03558349609375,,,,,
16,4939,,,,,69.7125015258789,0.5388548374176025,209.67636108398438,,,,,
16,4949,,,,,90.13158416748047,0.5912667512893677,270.98602294921875,,,,,
16,4959,,,,,69.38481140136719,0.5179669260978699,208.67239379882812,,,,,
16,4969,,,,,65.7186508178711,0.5807006359100342,197.7366485595703,,,,,
16,4979,,,,,113.37788391113281,0.6387293338775635,340.77239990234375,,,,,
16,4989,,,,,76.55249786376953,0.5344148278236389,230.19190979003906,,,,,
16,4999,,,,,78.05717468261719,0.6185024976730347,234.79002380371094,,,,,
16,5009,,,,,88.10785675048828,0.6010086536407471,264.9245910644531,,,,,
16,5019,,,,,74.13104248046875,0.5711710453033447,222.96429443359375,,,,,
16,5029,,,,,87.85179138183594,0.5823501944541931,264.1376953125,,,,,
16,5039,,,,,98.08369445800781,0.6452978253364563,294.8963928222656,,,,,
16,5048,,,,,,,,137.04037475585938,8.443257331848145,0.8333333134651184,0.5875411033630371,411.70867919921875
17,5049,,,,,86.67462158203125,0.5398668050765991,260.563720703125,,,,,
17,5059,,,,,66.19174194335938,0.5321865081787109,199.10740661621094,,,,,
17,5069,,,,,98.37965393066406,0.5499179363250732,295.68890380859375,,,,,
17,5079,,,,,76.01405334472656,0.5810894966125488,228.6232452392578,,,,,
17,5089,,,,,63.988067626953125,0.5729576349258423,192.5371551513672,,,,,
17,5099,,,,,61.52189636230469,0.5744785070419312,185.14016723632812,,,,,
17,5109,,,,,76.5186767578125,0.5774412155151367,230.1334686279297,,,,,
17,5119,,,,,52.065555572509766,0.5621433854103088,156.75881958007812,,,,,
17,5129,,,,,53.63527297973633,0.6058899164199829,161.51171875,,,,,
17,5139,,,,,74.69766998291016,0.554473876953125,224.64749145507812,,,,,
17,5149,,,,,75.00444793701172,0.5506746172904968,225.5640106201172,,,,,
17,5159,,,,,50.75273895263672,0.5921339988708496,152.850341796875,,,,,
17,5169,,,,,87.66207885742188,0.5718348026275635,263.5580749511719,,,,,
17,5179,,,,,79.25933837890625,0.585072934627533,238.3630828857422,,,,,
17,5189,,,,,45.4097900390625,0.563029408454895,136.7924041748047,,,,,
17,5199,,,,,56.333255767822266,0.5820126533508301,169.581787109375,,,,,
17,5209,,,,,47.92930221557617,0.5498608350753784,144.3377685546875,,,,,
17,5219,,,,,45.723167419433594,0.537705659866333,137.7071990966797,,,,,
17,5229,,,,,73.79283142089844,0.5554074645042419,221.93389892578125,,,,,
17,5239,,,,,62.71036911010742,0.5702821612358093,188.70138549804688,,,,,
17,5249,,,,,85.42510986328125,0.5645211935043335,256.83984375,,,,,
17,5259,,,,,81.61640930175781,0.5805612206459045,245.42979431152344,,,,,
17,5269,,,,,68.03901672363281,0.5397224426269531,204.65676879882812,,,,,
17,5279,,,,,78.75727844238281,0.5758289098739624,236.84767150878906,,,,,
17,5289,,,,,59.06757736206055,0.5505029559135437,177.75323486328125,,,,,
17,5299,,,,,71.22782135009766,0.5501085519790649,214.23358154296875,,,,,
17,5309,,,,,79.67448425292969,0.5504482984542847,239.5738983154297,,,,,
17,5319,,,,,53.15623474121094,0.593363881111145,160.06207275390625,,,,,
17,5329,,,,,107.7353515625,0.5667822360992432,323.7728271484375,,,,,
17,5339,,,,,69.12155151367188,0.6195168495178223,207.9841766357422,,,,,
17,5345,,,,,,,,138.37496948242188,8.513617515563965,0.8350210785865784,0.5924760699272156,415.71746826171875
18,5349,,,,,48.73213195800781,0.6126893758773804,146.80908203125,,,,,
18,5359,,,,,91.22257995605469,0.5643529891967773,274.2320861816406,,,,,
18,5369,,,,,86.10437774658203,0.5525162220001221,258.86566162109375,,,,,
18,5379,,,,,61.31880187988281,0.5488322377204895,184.50523376464844,,,,,
18,5389,,,,,54.29016876220703,0.5858440399169922,163.45635986328125,,,,,
18,5399,,,,,94.35688018798828,0.5839614868164062,283.65460205078125,,,,,
18,5409,,,,,50.88035583496094,0.5607364177703857,153.20179748535156,,,,,
18,5419,,,,,82.61155700683594,0.5551878809928894,248.38986206054688,,,,,
18,5429,,,,,52.286495208740234,0.5673434734344482,157.42681884765625,,,,,
18,5439,,,,,74.58428192138672,0.5692201852798462,224.32205200195312,,,,,
18,5449,,,,,120.62242126464844,0.500436007976532,362.36767578125,,,,,
18,5459,,,,,52.179847717285156,0.5490068197250366,157.08856201171875,,,,,
18,5469,,,,,51.2789306640625,0.562280535697937,154.39907836914062,,,,,
18,5479,,,,,66.18232727050781,0.5617783665657043,199.1087646484375,,,,,
18,5489,,,,,92.26707458496094,0.5898460149765015,277.39105224609375,,,,,
18,5499,,,,,76.04560089111328,0.5674400329589844,228.70425415039062,,,,,
18,5509,,,,,79.1636962890625,0.6049012541770935,238.0959930419922,,,,,
18,5519,,,,,59.43072509765625,0.5477632284164429,178.83993530273438,,,,,
18,5529,,,,,48.66822814941406,0.6202425956726074,146.6249237060547,,,,,
18,5539,,,,,87.64060974121094,0.5335123538970947,263.455322265625,,,,,
18,5549,,,,,84.842041015625,0.6181161403656006,255.1442413330078,,,,,
18,5559,,,,,66.01024627685547,0.595029354095459,198.62576293945312,,,,,
18,5569,,,,,69.61683654785156,0.563444972038269,209.41395568847656,,,,,
18,5579,,,,,84.50618743896484,0.5887329578399658,254.10728454589844,,,,,
18,5589,,,,,90.79364013671875,0.5687048435211182,272.9496154785156,,,,,
18,5599,,,,,65.15323638916016,0.5470035076141357,196.0067138671875,,,,,
18,5609,,,,,83.22653198242188,0.5594906806945801,250.2390899658203,,,,,
18,5619,,,,,81.75741577148438,0.5780582427978516,245.85031127929688,,,,,
18,5629,,,,,56.66677474975586,0.5782490968704224,170.5785675048828,,,,,
18,5639,,,,,88.51138305664062,0.5906991958618164,266.1248474121094,,,,,
18,5642,,,,,,,,138.71209716796875,8.589701652526855,0.8324894309043884,0.5904808044433594,416.72686767578125
19,5649,,,,,55.252174377441406,0.568266749382019,166.32479858398438,,,,,
19,5659,,,,,52.94588088989258,0.5480051040649414,159.38565063476562,,,,,
19,5669,,,,,50.02674102783203,0.5685722827911377,150.6488037109375,,,,,
19,5679,,,,,42.82712173461914,0.5389581322669983,129.02032470703125,,,,,
19,5689,,,,,38.72357940673828,0.6028835773468018,116.77362060546875,,,,,
19,5699,,,,,54.64495849609375,0.5958386659622192,164.5307159423828,,,,,
19,5709,,,,,45.13574981689453,0.5543925762176514,135.96165466308594,,,,,
19,5719,,,,,42.417781829833984,0.5354666113853455,127.78881072998047,,,,,
19,5729,,,,,75.95553588867188,0.5679879188537598,228.43460083007812,,,,,
19,5739,,,,,81.9561767578125,0.5756773948669434,246.4442138671875,,,,,
19,5749,,,,,79.12214660644531,0.565130352973938,237.9315643310547,,,,,
19,5759,,,,,65.42561340332031,0.5849810838699341,196.86181640625,,,,,
19,5769,,,,,41.444725036621094,0.5579080581665039,124.89208221435547,,,,,
19,5779,,,,,59.884273529052734,0.5759671926498413,180.22879028320312,,,,,
19,5789,,,,,90.07148742675781,0.5856510996818542,270.8001403808594,,,,,
19,5799,,,,,54.459381103515625,0.5508463382720947,163.92898559570312,,,,,
19,5809,,,,,71.35052490234375,0.531023383140564,214.5825958251953,,,,,
19,5819,,,,,55.14973068237305,0.5305769443511963,165.97976684570312,,,,,
19,5829,,,,,80.20925903320312,0.5713444352149963,241.19912719726562,,,,,
19,5839,,,,,76.07112121582031,0.5697002410888672,228.78306579589844,,,,,
19,5849,,,,,63.02145767211914,0.5847567319869995,189.64913940429688,,,,,
19,5859,,,,,98.67230987548828,0.5595220327377319,296.5764465332031,,,,,
19,5869,,,,,59.75262451171875,0.5320572853088379,179.78993225097656,,,,,
19,5879,,,,,40.33284378051758,0.5169017314910889,121.51543426513672,,,,,
19,5889,,,,,52.58756637573242,0.612377405166626,158.3750762939453,,,,,
19,5899,,,,,50.867244720458984,0.6056872606277466,153.20741271972656,,,,,
19,5909,,,,,62.68385696411133,0.549851655960083,188.60142517089844,,,,,
19,5919,,,,,74.32601928710938,0.5555167198181152,223.5335693359375,,,,,
19,5929,,,,,73.16316223144531,0.5468703508377075,220.03636169433594,,,,,
19,5939,,,,,65.39542388916016,0.5443058013916016,196.7305908203125,,,,,
19,5939,,,,,,,,144.81768798828125,8.895047187805176,0.8358649611473083,0.590248167514801,435.0433044433594
20,5949,,,,,80.87504577636719,0.5503050088882446,243.17544555664062,,,,,
20,5959,,,,,51.347442626953125,0.533977746963501,154.57630920410156,,,,,
20,5969,,,,,63.53850173950195,0.5333214402198792,191.14883422851562,,,,,
20,5979,,,,,83.64759826660156,0.5616559982299805,251.50445556640625,,,,,
20,5989,,,,,67.43666076660156,0.5425379276275635,202.85252380371094,,,,,
20,5999,,,,,67.8915786743164,0.5781720876693726,204.25291442871094,,,,,
20,6009,,,,,60.49846267700195,0.5823240280151367,182.0777130126953,,,,,
20,6019,,,,,56.72874450683594,0.5901912450790405,170.77642822265625,,,,,
20,6029,,,,,59.969722747802734,0.6954112648963928,180.6045684814453,,,,,
20,6039,,,,,73.2170639038086,0.5610717535018921,220.21224975585938,,,,,
20,6049,,,,,68.40080261230469,0.5644960403442383,205.76690673828125,,,,,
20,6059,,,,,59.7691764831543,0.5627400279045105,179.87026977539062,,,,,
20,6069,,,,,53.25643539428711,0.5531893968582153,160.32249450683594,,,,,
20,6079,,,,,55.941871643066406,0.5876967906951904,168.41331481933594,,,,,
20,6089,,,,,64.51560974121094,0.5427948832511902,194.08963012695312,,,,,
20,6099,,,,,51.58026123046875,0.5633940100669861,155.30418395996094,,,,,
20,6109,,,,,42.31739044189453,0.5979857444763184,127.55015563964844,,,,,
20,6119,,,,,53.08857345581055,0.574579119682312,159.84030151367188,,,,,
20,6129,,,,,45.820255279541016,0.5404313802719116,138.00120544433594,,,,,
20,6139,,,,,47.180328369140625,0.5608234405517578,142.101806640625,,,,,
20,6149,,,,,59.99574661254883,0.5773745775222778,180.5646209716797,,,,,
20,6159,,,,,50.927913665771484,0.5838814973831177,153.36761474609375,,,,,
20,6169,,,,,54.17539978027344,0.5512914657592773,163.07748413085938,,,,,
20,6179,,,,,39.22664260864258,0.5455114841461182,118.2254409790039,,,,,
20,6189,,,,,73.11958312988281,0.5338550806045532,219.89260864257812,,,,,
20,6199,,,,,52.54563522338867,0.530592679977417,158.16749572753906,,,,,
20,6209,,,,,45.870452880859375,0.5706707239151001,138.18202209472656,,,,,
20,6219,,,,,56.64726638793945,0.5444270372390747,170.48623657226562,,,,,
20,6229,,,,,52.32457733154297,0.5324637293815613,157.50619506835938,,,,,
20,6236,,,,,,,,136.04266357421875,8.484464645385742,0.8354430198669434,0.5868670344352722,408.7148742675781
21,6239,,,,,82.4527587890625,0.5991090536117554,247.95738220214844,,,,,
21,6249,,,,,44.41990661621094,0.6047207117080688,133.86444091796875,,,,,
21,6259,,,,,38.04392623901367,0.5798372030258179,114.71160888671875,,,,,
21,6269,,,,,78.00946807861328,0.567067563533783,234.59547424316406,,,,,
21,6279,,,,,43.994815826416016,0.5634983777999878,132.54794311523438,,,,,
21,6289,,,,,53.74244689941406,0.5577412247657776,161.7850799560547,,,,,
21,6299,,,,,54.04717254638672,0.5606253147125244,162.70213317871094,,,,,
21,6309,,,,,40.5767707824707,0.6151562333106995,122.34547424316406,,,,,
21,6319,,,,,101.68726348876953,0.5620934367179871,305.6239013671875,,,,,
21,6329,,,,,47.928131103515625,0.5777146220207214,144.3621063232422,,,,,
21,6339,,,,,54.24177169799805,0.571943461894989,163.29725646972656,,,,,
21,6349,,,,,29.654382705688477,0.5686693787574768,89.53182220458984,,,,,
21,6359,,,,,39.43863296508789,0.523997962474823,118.83989715576172,,,,,
21,6369,,,,,57.89120101928711,0.5630450248718262,174.2366485595703,,,,,
21,6379,,,,,65.91041564941406,0.5392968654632568,198.27053833007812,,,,,
21,6389,,,,,80.32902526855469,0.5637879371643066,241.5508575439453,,,,,
21,6399,,,,,54.132057189941406,0.6038277745246887,163.0,,,,,
21,6409,,,,,82.68450164794922,0.5469892024993896,248.60047912597656,,,,,
21,6419,,,,,43.73601531982422,0.5270643830299377,131.735107421875,,,,,
21,6429,,,,,64.26649475097656,0.5556892156600952,193.3551788330078,,,,,
21,6439,,,,,58.441436767578125,0.5865006446838379,175.9108123779297,,,,,
21,6449,,,,,55.4719352722168,0.5786479711532593,166.99444580078125,,,,,
21,6459,,,,,36.40257263183594,0.6012914180755615,109.80900573730469,,,,,
21,6469,,,,,43.99055862426758,0.5531399250030518,132.5248260498047,,,,,
21,6479,,,,,66.99501037597656,0.5473451614379883,201.53237915039062,,,,,
21,6489,,,,,61.405147552490234,0.5943652391433716,184.80979919433594,,,,,
21,6499,,,,,56.40504455566406,0.5750182867050171,169.79014587402344,,,,,
21,6509,,,,,55.28669738769531,0.5391243696212769,166.3992156982422,,,,,
21,6519,,,,,52.03753662109375,0.5728265643119812,156.68544006347656,,,,,
21,6529,,,,,62.50556945800781,0.5835769772529602,188.10028076171875,,,,,
21,6533,,,,,,,,143.44435119628906,8.73131275177002,0.8388185501098633,0.5888457894325256,430.9219055175781
22,6539,,,,,36.70598602294922,0.5169561505317688,110.6349105834961,,,,,
22,6549,,,,,58.13819122314453,0.5623084306716919,174.9768829345703,,,,,
22,6559,,,,,68.74938201904297,0.5282375812530518,206.77638244628906,,,,,
22,6569,,,,,96.92112731933594,0.5510768890380859,291.314453125,,,,,
22,6579,,,,,39.49248504638672,0.5613812208175659,119.03883361816406,,,,,
22,6589,,,,,43.8087043762207,0.5373033285140991,131.9634246826172,,,,,
22,6599,,,,,42.95379638671875,0.6012401580810547,129.46263122558594,,,,,
22,6609,,,,,47.04578399658203,0.5888351202011108,141.7261962890625,,,,,
22,6619,,,,,56.82223892211914,0.5611043572425842,171.02783203125,,,,,
22,6629,,,,,62.824195861816406,0.5613378286361694,189.033935546875,,,,,
22,6639,,,,,48.116546630859375,0.560522198677063,144.91015625,,,,,
22,6649,,,,,63.59873580932617,0.5856741070747375,191.3818817138672,,,,,
22,6659,,,,,52.8223762512207,0.5818138122558594,159.0489501953125,,,,,
22,6669,,,,,60.53583908081055,0.6183233261108398,182.225830078125,,,,,
22,6679,,,,,41.560943603515625,0.5444763898849487,125.22731018066406,,,,,
22,6689,,,,,36.96235656738281,0.5506860017776489,111.43775939941406,,,,,
22,6699,,,,,52.36534118652344,0.5609453916549683,157.65696716308594,,,,,
22,6709,,,,,62.097633361816406,0.5837377905845642,186.87664794921875,,,,,
22,6719,,,,,57.61863708496094,0.572553277015686,173.428466796875,,,,,
22,6729,,,,,51.255287170410156,0.5330065488815308,154.2988739013672,,,,,
22,6739,,,,,60.05916213989258,0.5317561030387878,180.70924377441406,,,,,
22,6749,,,,,50.39071273803711,0.5588693022727966,151.7310028076172,,,,,
22,6759,,,,,50.871360778808594,0.551849901676178,153.16592407226562,,,,,
22,6769,,,,,65.45236206054688,0.6235772371292114,196.9806671142578,,,,,
22,6779,,,,,77.12709045410156,0.5382741689682007,231.91954040527344,,,,,
22,6789,,,,,51.16248321533203,0.5986458659172058,154.0861053466797,,,,,
22,6799,,,,,29.784130096435547,0.5686139464378357,89.9209976196289,,,,,
22,6809,,,,,52.17800521850586,0.5358984470367432,157.06991577148438,,,,,
22,6819,,,,,53.49298095703125,0.5839110016822815,161.06285095214844,,,,,
22,6829,,,,,41.43247604370117,0.555359423160553,124.852783203125,,,,,
22,6830,,,,,,,,138.683837890625,8.54486083984375,0.8350210785865784,0.5881890654563904,416.63970947265625
23,6831,152.6608428955078,8.867524147033691,0.8343170285224915,0.5785404443740845,,,,,,,,
